{
  "nebula": {
    "zoom": 0.00001,
    "density": 2.0,
    "brightness": 1.0,
    "scale": 10.0,
    "color_center": {
      "x": 5.6,
      "y": 7.0,
      "z": 7.0
    },
    "color_edge": {
      "x": 0.71999997,
      "y": 0.79499996,
      "z": 0.75
    },
    "color_density_low": {
      "x": 1.0,
      "y": 0.9,
      "z": 0.8
    },
    "color_density_high": {
      "x": 0.4,
      "y": 0.15,
      "z": 0.1
    },
    "light_color": {
      "x": 0.0,
      "y": 0.1210477,
      "z": 0.7837838
    },
    "light_intensity": 0.033333335,
    "max_distance": 10000.0
  },
  "skybox": {
    "star_density": 1.9460953,
    "star_brightness": 6.412,
    "nebula_primary_color": {
      "x": 0.0,
      "y": 0.122265264,
      "z": 0.36679536
    },
    "nebula_secondary_color": {
      "x": 0.18999715,
      "y": 0.02325547,
      "z": 0.3011583
    },
    "nebula_intensity": 0.019262997,
    "background_brightness": 0.0
  },
  "camera": {
    "position": {
      "x": -3.1301298,
      "y": 7.209311,
      "z": 1.7364055
    },
    "pitch": -0.23415267,
    "yaw": -2.4136503,
    "roll": -0.8058873,
    "move_speed": 5.0,
    "mouse_sensitivity": 0.003,
    "fov": 70.0
  },
  "ssao": {
    "enabled": false,
    "radius": 1.0,
    "bias": 0.1,
    "power": 2.0,
    "kernel_size": 64
  }
}